feature,mean_abs_shap
num__debt_to_income_ratio,0.3331731448728679
num__credit_score,0.2257178399166951
num__num_late_payments_30d,0.12199269692015566
num__num_credit_inquiries_6m,0.09709614001985875
num__requested_amount,0.09558419064467323
num__applicant_monthly_income,0.09020525682316906
num__annual_income,0.09008131786741568
num__interest_rate,0.08203365763939241
num__loan_term_months,0.07576900502314551
cat__employment_type_Salaried,0.07185960957122597
num__total_outstanding_debt,0.07098133805068474
cat__employment_type_Self-Employed,0.057661410046763346
cat__education_Post Graduate,0.05409182329316485
num__total_outflow_6m,0.04957591760964583
num__collateral_flag,0.04774891587665751
cat__education_Graduate,0.046707441990055824
num__num_open_accounts,0.04556682917894292
num__loan_to_income,0.0416146721940956
cat__marital_status_Single,0.041144090975067535
num__debt_to_limit,0.037529954602060676
num__transaction_count,0.036006509530060085
num__dependents,0.03584026331348862
num__years_at_residence,0.034997155928220565
num__num_defaults_prior,0.0333104533413016
num__age,0.029548544073001382
cat__loan_type_Auto,0.028701278545331558
cat__residence_type_Family Owned,0.02193921481859886
cat__loan_type_Personal,0.02025227713782826
num__total_inflow_6m,0.020123634753646875
cat__state_Madhya Pradesh,0.01938847062832801
num__emi_outflow_6m,0.01911454844783696
cat__loan_purpose_New Car,0.017512497532363155
cat__residence_type_Rented,0.016807442313517305
num__oldest_account_age_months,0.014903372075735112
cat__loan_purpose_Debt Consolidation,0.01413659548128529
cat__occupation_Analyst,0.01298655202145202
num__net_cash_flow_6m,0.012975826149628488
num__total_credit_limit,0.012635889786949215
cat__loan_type_Education,0.01238210986003762
num__existing_emi,0.012342141463510854
cat__gender_Female,0.011997292609621029
cat__gender_Male,0.011874094873575684
cat__loan_purpose_Home Renovation,0.010996570305538663
num__num_late_payments_90d,0.010799955124469835
cat__city_Bhopal,0.010083165232217112
cat__marital_status_Widowed,0.009610067116687137
cat__state_Tamil Nadu,0.009427770521395727
cat__state_Delhi,0.008035972831868375
cat__city_Delhi,0.008035972831868375
cat__education_Diploma,0.007761730307719801
cat__kyc_status_Pending,0.007020196444638977
cat__kyc_status_Verified,0.006929840817057231
cat__residence_type_Mortgaged,0.0067268812917539765
cat__state_Telangana,0.006714536633345989
cat__city_Hyderabad,0.006714536633345989
cat__occupation_Software Engineer,0.006140966644567022
cat__occupation_Bank Officer,0.00584618420792542
cat__occupation_Chartered Accountant,0.005440060993369117
cat__residence_type_Owned,0.005301981375839776
cat__occupation_Architect,0.004807230301813779
cat__loan_purpose_Two Wheeler,0.004316553119994274
cat__state_Rajasthan,0.004262797074875642
cat__city_Jaipur,0.004262797074875642
cat__state_Karnataka,0.004048584961029301
cat__state_Maharashtra,0.0038801571826743405
cat__city_Mysuru,0.0038353755074425288
cat__city_Chennai,0.003654477210742449
cat__occupation_Accountant,0.0036530649886572673
cat__occupation_Nurse,0.003598764387426858
cat__city_Nagpur,0.00318687674609388
num__inflow_outflow_ratio,0.003049546884986848
cat__loan_purpose_Gold Loan,0.0028719821832267024
cat__loan_type_Gold,0.0028719821832267024
cat__loan_purpose_Equipment Purchase,0.0027816700247361675
num__avg_balance,0.0027175408628759283
cat__education_High School,0.002696545471968757
cat__city_Lucknow,0.0026597762394761624
cat__loan_purpose_Skill Certification,0.0025927632563696713
cat__city_Chandigarh,0.0024844824577687106
cat__state_Chandigarh,0.0024844824577687106
cat__city_Gurugram,0.002477799692371942
cat__state_Haryana,0.002477799692371942
cat__city_Pune,0.0023813728729635796
cat__employment_type_Business Owner,0.002281475403310013
cat__occupation_Consultant,0.002180687045738836
cat__occupation_HR Manager,0.0021783798809630176
cat__occupation_Restaurant Owner,0.0021532559148462966
cat__city_Mumbai,0.0021459443861022573
cat__occupation_Trader,0.002097266861632586
cat__loan_type_Home,0.002034607524988519
cat__occupation_Manufacturer,0.0018880079330032091
cat__occupation_Lawyer,0.0018098546978797677
cat__loan_purpose_Balance Transfer,0.001792678577655529
cat__city_Indore,0.0017587559304269107
cat__loan_purpose_Medical Emergency,0.001751023838436161
cat__loan_purpose_Home Purchase,0.0017389224264019478
cat__loan_purpose_Working Capital,0.0017349843170185314
cat__loan_purpose_Higher Studies India,0.0016523327970728017
cat__loan_purpose_Plot Purchase,0.0016448944758633295
cat__occupation_Contractor,0.001561859000278992
cat__city_Bengaluru,0.0014781572347237247
cat__city_Surat,0.0014416623792636385
cat__marital_status_Divorced,0.0014354858498446582
cat__city_Coimbatore,0.0014326162197091095
cat__loan_purpose_Home Construction,0.0013584002451394468
cat__city_Noida,0.0012664597278379413
cat__loan_purpose_Travel,0.0012540759584550292
cat__loan_purpose_Used Car,0.001252202022480046
cat__state_Uttar Pradesh,0.0012497484536619138
cat__loan_type_Business,0.0011464763240757634
cat__occupation_Teacher,0.0010163853541045858
cat__occupation_Freelance Designer,0.0009347201867301456
cat__education_Professional Degree,0.0008573591286458552
cat__city_Ahmedabad,0.0008090481061743645
cat__state_West Bengal,0.0007198956547429253
cat__city_Kolkata,0.0007198956547429253
cat__state_Kerala,0.0006971329803649689
cat__city_Kochi,0.0006971329803649689
cat__occupation_Sales Executive,0.0006780121370399702
cat__loan_purpose_Wedding,0.0006046102484273945
cat__occupation_Retired Government Employee,0.0004993415739916985
cat__occupation_Doctor (Practice),0.00043298841278133123
cat__loan_purpose_Business Expansion,0.0003938883577635284
cat__occupation_Retail Store Owner,0.00036639542351511116
cat__marital_status_Married,0.0002751470873519159
cat__state_Gujarat,0.0002553961672475168
cat__employment_type_Retired,0.00022906114450972493
cat__occupation_Retired Private Sector,0.00021824601945636722
cat__employment_type_Unemployed,0.00011075785039869417
cat__loan_purpose_Study Abroad,7.268916229727158e-05
cat__occupation_Homemaker,3.820738016262969e-05
cat__occupation_Pensioner,2.2971919094833e-05
cat__occupation_Not Employed,1.7192053791466887e-05
cat__occupation_Student,3.4087311257280733e-06
num__bankruptcies,6.780117557685212e-19
